tweet_id,sentiment,author,content,dominant_emotion
1956979437,neutral,shenamygans,"@jakeboyd, oh noooo!  if i blow a tire you're reaaaally going to have to send up some batman smoke.",disapproval
1956983509,worry,heyitsmisti,@DavidCookLove ia so much! i haven't really been happy with any of cooks choices for singles.,disapproval
1956989526,sadness,KaKuBby,dont wanna work 11-830 tomorrow  but i get paid,disapproval
1956990568,sadness,sarah_walter,Darn these allergies! I don't like this time of year because of this! I never used to have this problem either,disapproval
1957013895,hate,kkjordan,@tiffalo cuz airlines are super lame.,disapproval
1957022610,worry,leonperkin,not super keen on the drive home through the rain.. additional concentration required that i don't really wanna deal with,disapproval
1957023842,neutral,hoolahoopchick,twittascope is NOT rocking my socks - go away already!!,disapproval
1957041648,neutral,ssanyal,@the_babsi there's a manual process... but it's taking 4ever on my outlook database... pffff. crappy msft product,disapproval
1957077528,neutral,KhoreoKat,"@taylor_d No, it's not...",disapproval
1957079496,sadness,joanneliyeng,"comfort food of the day: pan mee. though, it didnt taste any good..",disapproval
1957080963,worry,violetscream,Went to pole class. Feeling discouraged. I am hopeless when it cones to dancing or sexy moves or spreading my legs.,disapproval
1957083230,neutral,endlessblush,@KallieT oh ... you've been superseeded?  not good enough,disapproval
1957110088,anger,NayNay_Rt,Packing  I don't like it..,disapproval
1957115194,worry,theogeo,@jprestonian It feels not good.,disapproval
1957117786,neutral,shyninjahinata,@laurelexmachina Swimming is a no go for me,disapproval
1957128473,sadness,milyssa,um... so I don't think my text msgs have a &quot;subject line&quot; ... I fail,disapproval
1957130295,neutral,seanbonner,@seanpercival Unless that invite comes with a beta key I'm not going to be much help...,disapproval
1957133192,surprise,jeanneherawati,"aku kbangun gara2 mimpi @manyolitha, very bad dream",disapproval
1957147422,sadness,ryandc,"Downloadfestival's lineup isn't as good as i thought it was. There are some other awesome bands doing the festivals, but missing DL",disapproval
1957160993,worry,cruisemaniac,another build failed! something is not right in the big scheme of things!,disapproval
1957172292,hate,sylverxrainbow,Its weird being at the guy's house without them here. I don't like it,disapproval
1957181947,sadness,maughmer,Have decided I just can't stand @GuyKawasaki's Alltop spam any longer.,disapproval
1957188904,surprise,liangtfm,Bah I don't think @bing's FB fan page will get to 7500,disapproval
1957227794,neutral,fruityalexia,@GeoffComma no fair,disapproval
1957245632,neutral,theseang,My wife can't get on the guest list for tomorrows show because it doesn't exist. LAME. I guess no wife at the show.,disapproval
1957248127,hate,sunayana,@anant24121986 it is so unfair that all the good rock shows happen only in B'lore and Pune,disapproval
1957254388,sadness,sunayana,@anant25121986 it is so unfair that all the good rock shows happen only in B'lore and Pune,disapproval
1957256797,worry,Lunarcraft,Again working on the internet shop ... don't think we will achieve the goal of uploading by the previously set time   Will keep going,disapproval
1957262657,worry,alexlee003,I honestly feel like I'm not healing or getting any better. This is not good,disapproval
1957287672,sadness,madlymint,@MommaSalty ...that's a miserable afterparty report,disapproval
1957305112,worry,Katz0806,"@JKeith1982 hmmmm, that's not nice... think you should take it back. I can't help it I'm hungry. No food in this office.",disapproval
1957327322,surprise,hello_nina,@kim_flores aww i don't! i guess that's why it doesnt  (blackberrymessenger),disapproval
1957339774,worry,LicklePickle,@iancpalmer they don't use MSN either I don't think  and they are thousands of miles away so can't do it face to face,disapproval
1957345881,hate,CristianTorrent,"@stevecruzblog  It is so unfair, Hustlaball, US citizens working here, Personal Appearances Expectations, Prowler, can I do that there?",disapproval
1957354740,hate,mrkmattos,"@powertwitter Not a fan of the layout change of hyperlinks. I don't like the indentation and, well, I'm clicking and no link shows.",disapproval
1957361311,worry,ishamay,not so good mood..,disapproval
1957371013,neutral,cymberrain,@bannersrus hemp cloth is marvelous but unfortunately no,disapproval
1957371465,worry,lolapug,Has been rejected,disapproval
1957376603,worry,jesusismyoxygen,I'm frightened that zombies are going to attack me.  i don't like scary movies.,disapproval
1957379061,neutral,jasonxcore,"i really don't want to go to the eisteddfod concert tonight, it would be ok if i didnt have to wear the dumb band uniform",disapproval
1957419654,neutral,KittenFlower,"I can't have any pets in the appartment I really want, so no rat yet.",disapproval
1957426182,sadness,EAZY_ERON,@dameenrouge I have been to Tara Thai a few times for friend's birthdays and the food I had was pretty bad.,disapproval
1957454639,worry,beingmyself,@mosapp just say no reeesee cup,disapproval
1957457743,worry,especial_53,@iFollowMike ugh I'm not doin too good,disapproval
1957457789,worry,laurencdowling,Whyyy am I still awake when I have to work at 8?! This is not good,disapproval
1957459378,sadness,osmg33k,is very cold,disapproval
1957461215,sadness,aniaanka,if not impossible,disapproval
1957469877,worry,brtak,"@abduzeedo something wrong, layout of abduzzeedo site looks no good today, anyone?",disapproval
1957474620,neutral,KARENmagazine,@lorrainelock they are having a closing down sale !    does not look good.,disapproval
1957476852,sadness,kk,not to be too macabre but its hard to believe we dropped a real nuclear weapon on real japanese humans.  http://ow.ly/9NRu #warisfucked,disapproval
1957498023,sadness,Sean2theO,@JasonVonBerg thats the crazy part - was for 16:30. but reasons include &quot;full schedule&quot; &amp; &quot;travelling with his daughter&quot;... So. Not. Cool,disapproval
1957519335,hate,OzSarge,"Just been bitten by SmoothStreaming, it doesn't seem to work for my client's linux users...fan-fricking-tastic",disapproval
1957525821,worry,SoundExecution,"@ajaedandridge ate pussy, I refuse to bless her cuz she already clingy",disapproval
1957549564,sadness,kreativsounds,"Google Wave presentation: http://bit.ly/2ehfov  I'm not very impressed. It's nice, but it's not really for me",disapproval
1957553753,sadness,jayajha,I am not going to entertain any request for reducing shipping cost by using registered post instead of courier from now on....,disapproval
1957558721,hate,seutje,hmz... second most popular page on this governmental site is the 404 page... fail,disapproval
1957561596,sadness,rieriobelix,not in the mood,disapproval
1957573018,hate,brtak,"@jojototh @abduzeedo firefox ok, but opera and IE - footer is not ok",disapproval
1957577809,neutral,LydiaLovesU,it says not in stock,disapproval
1957590363,sadness,ahashake,I guess you're not talking about Orlando Magic @whoiskenan! There was nothing magical about it,disapproval
1957602666,surprise,AmyLSwindler,Not ah huge fan of getting up in the middle of the night to change peed sheets and underpants.,disapproval
1957626598,sadness,BRAINknowsBETTR,"Dad: &quot;No trips to Lahore for you.&quot; Me: &quot;I do live in DC &amp; NYC which also = big targets.&quot; Bummer, no Pizza Hut chicken tikka pizza for me",disapproval
1957645545,sadness,iandvedwards,@mistermagnus A friend uses Logic and I must admit I did like it...but I don't have a Mac,disapproval
1957659279,worry,shewitt,@LycoLoco i'm not proud. but os x excels at video/photo editing where the pc lags so much behind.,disapproval
1957662098,empty,Beth_Ann_,"@steve_caruso So I took the polish off of the nail of the finger the door handle murdered earlier, and well... it's not pretty....",disapproval
1957664259,sadness,ChewChewTray,@ncremins thats not really fair. I mean you just up and leave like that and you dont even give us a party  So when you coming back or  ...,disapproval
1957671446,neutral,miawoods2005,I don't think the Master Cleanse was intended for travelers  feeling gross....,disapproval
1957674180,worry,blue_cat_online,[BBC] Malaria parasites becoming resistant to drugs  http://trunc.it/9yn5 ~ this is really not good as Malaria affects so many people,disapproval
1957675277,worry,Ducer15,@Cleric20 Nope. Im hearing bad things.,disapproval
1957691421,worry,Richard_Gable,"@NikkiNoo1956 That's not good, sorry to hear that, where did he park it?",disapproval
1957727853,worry,geewhy,"@ryankanno ack, no can see @mustheartdogs either.  and weird, these tweets are in my mentions, but not my timeline (oh wait, new Twitter)",disapproval
1957745434,worry,Rohan_01,@cutiemoet u think its fair...... k den i guess m wrng.... still i feel its not at all fair....,disapproval
1957754611,neutral,lorraincium,Things aren't just as easy and simple as they seem to be.,disapproval
1957761057,neutral,busytucker,but @pennyessex Humira isn't right for everyone. Some respond better to Enbrel. Ask your Rheumy. But not much long-term testing done,disapproval
1958041790,neutral,KristenSousa,@trishastewart - ooh. Don't like horseradish  Any alternatives?,disapproval
1958043816,worry,HelenH20,@EPMorgan I can't even do that  not good!!,disapproval
1958044446,worry,liv99ngu,won't be going to the Oxford Internet Institute Sunner Doctoral Programme in Brisbane: lack of funding,disapproval
1958044855,sadness,jaronmc,@ijoostin Not so good  I think that's my fault though - didn't use buttermilk. Recipe was on back of the flour.,disapproval
1958045330,worry,becca_uk,@rookiepaul that doesnt sound like a good situation,disapproval
1958046096,worry,ontrich,@imnothelz Oh that can't be nice,disapproval
1958048725,worry,liv99ngu,won't be going to the Oxford Internet Institute Summer Doctoral Programme in Brisbane: lack of funding,disapproval
1958079779,hate,Max_ElectroBoy,trying to draw some manga/anime for our new website ... very bad idea!   http://bit.ly/k6iOv,disapproval
1958085745,sadness,thomas_paul,Hulu Desktop looks nice but not for my region,disapproval
1958086605,neutral,chloeconnellyx,home not well hate not workin,disapproval
1958104863,hate,SY94,I am NOT in the mood for a long car drive,disapproval
1958107692,surprise,daniellefred,Omg its so gross out. no  relays tonight!,disapproval
1958116760,worry,beth_dunc,Home. Don't think i'll wake up at 5. :-p I had set an alarm for 6 in the kids' room &amp; forgot to turn it off. I feel bad about that.,disapproval
1958120487,worry,CiTay500,@billyraycyrus Please get a cell phone with a better camera on it... your pictures are real bad quality compared to those that Miley took,disapproval
1958121814,sadness,iamCollins,i dont like funerals,disapproval
1958123125,surprise,Maisy13,Job???????   Not so much.,disapproval
1958126683,neutral,Carolnoe,I think a crow took one of the baby birds in my garden today. I know it's nature but I still don't like It.,disapproval
1958127181,happiness,heathrocks,"@tonibrockliss fyi, connie and carla is not as totally awesome as the previews make it seem  sorry about that one.",disapproval
1958133344,sadness,tdlucas,"@ShaneSakata Hi Shane, that link doesn't seem to work",disapproval
1960136207,worry,AshleyBrazzel,Long to-do list. Little desire to do it all.,disapproval
1960137994,worry,catfaulkner,There is a baby cardinal fallen out of its nest. I dont want to get attacked by the mom bird but i dont want the dog to get the bird,disapproval
1960140597,worry,b_____,"@KoSoVaR  got a limit sell @ .94 for even pretty much, cover commissions. Didn't like my entry on this one",disapproval
1960163033,surprise,SweetieAngel,NO! Our TV's busted  The screen turned white for about a nanosecond while it made a quick &quot;popping&quot; sound.,disapproval
1960165500,worry,areli89,Sore throat. This is not good. I have four performances this weekend.,disapproval
1960217788,sadness,Nicole1013,not feelin so hot,disapproval
1960219464,worry,azboricua,"@kasperapd I tried registering on the website. No go, I get an error with all 4 browsers. Firefox, chrome, ie, safari.",disapproval
1960266036,love,jareed3386,"@JenRajpura HAHAHA, I'm going to be so disappointed that I miss this   But if you go HAVE FUN!!!",disapproval
1960306067,sadness,gina_pina_14,"@aianna21 @nandiaramos Sadly not, no. They're his colleagues and it's a work party",disapproval
1960322665,worry,muhranduh,it doesn't feel like a friday,disapproval
1960326138,worry,siokyin,"@ RyanSeacrest : hi there might be a problem as it says no stream online, wat's not right?",disapproval
1960329331,worry,InsightsGal,@Policani The Northern Clemency.  But I don't recommend it.  Too much description and not enough action. Too slow,disapproval
1960331256,sadness,charleymarley,"I didn't get the job at Stuff Magazine  Dammit, that would have been amazing!! Oh well.",disapproval
1960354374,worry,mcraddictal,"@Boy_Kill_Boy oh sorry! not getting all my replies  nothing against you. and yes, i do know nirvana",disapproval
1960445090,sadness,_ross_the_boss,Not a happy bunny,disapproval
1960456030,worry,johnfurst,"@GregDigneo: Your mail server just rejected a simple, plain reply to you as potential spam/virus threat. Not Good",disapproval
1960461187,sadness,amalbog,feels not good at all,disapproval
1960467838,enthusiasm,redheadeddiva,"@capitaln Um...no  We will most likely be inside a lot, maybe the skirt will work!",disapproval
1960506100,sadness,Fly3r85,@1outside a jo; tak nic no,disapproval
1960506210,worry,elektrikluv,@CajoleJuice Likewise. But I don't know anyone who uses gtalk and the likes so I'm not holding much hope,disapproval
1960567413,hate,sheenley,Ugh! I can't access through my mobile web!,disapproval
1960572503,neutral,picturehouses,"Looking out the window, beautiful blue sky, great forecast for the weekend - not good for cinemas",disapproval
1960585208,sadness,kk5hy,@CinemaChic I have the most failures using Lacie drives,disapproval
1960590815,worry,georgew0304,Can't play World in Conflict because the computer is running too slow,disapproval
1960609076,worry,PaigeTJohnson,"@EricaJo42 yeah but there are like 5,000 types of snakes..and it's wicked wicked wicked hot...and idk. i don't think i'd like it",disapproval
1960612064,worry,jadeperri,well dnt really knw wot to do stay wit some 1 who doesnt want 2 b wiv me or move home to rents after 4yr of bein away,disapproval
1960617748,worry,strawberryluna,@pennydog Yucky!  Time to bring out the vaccuum and go to War. Our house is always a spider haven for some reason. Not cool.,disapproval
1960619560,surprise,TayluhTeel,Pshh i dont have it,disapproval
1960627442,neutral,Sunfire2109,Although technically the major project he gets to do is something that's communal in theory but always comes to me and is massive/awful.,disapproval
1960706333,happiness,2cute_2001,O dnt even like wearing  my skinny jean no more cuz of yall bitch ass ni99as...,disapproval
1960716423,relief,nabhere,"It's Friday, but not the most pleasant ones  waaaaaay to much work...",disapproval
1960718050,empty,markls86,I don't want to program today,disapproval
1960812087,neutral,andygriffwozere,@Scottysingo don't you agree?,disapproval
1960870809,neutral,auntiedragon,"I've been killing ants today ( put workers to alcohol for genetic analysis). I feel kind of bad for that... Its necessary, but not nice",disapproval
1960909186,hate,mandahs,"TGIF I don't like 12 hour workdays  I need to stand up, run around 4 a while.... too much sitting!!! Plus, I have honest ade tea 2day! YAY",disapproval
1960909797,sadness,andykent,I really despair over the whole copyright situation http://bit.ly/yLY0I ~ being visually impaired means you don't deserve to read  #sccr18,disapproval
1960912269,sadness,LBA1086,I don't like waiting,disapproval
1960941755,worry,GetEmQ,@allureonfire I'm lookin @ the news and its not gonna b warm enough for the beach,disapproval
1960949990,neutral,mattbovell,@OwenGreaves I've given the $19.99 question more thought. U may be right. One host provides HD quality to all viewers? Maybe not.,disapproval
1960953582,neutral,calz88,@JoSH_SHeP  nope   i really want to play it aswell,disapproval
1960992526,worry,MissRedGirl,the plan to not spend money is not going well,disapproval
1961000803,hate,pan182,@trvsbrkr it's not working here,disapproval
1961043874,sadness,disney_lilo,Oh man....my fiance just got off work and I start mine in 1 hour....so not fair.....,disapproval
1961047643,sadness,xMiss_Ax,"@MikeandBobShow   Awww, that wasn't very nice.",disapproval
1961062063,neutral,RainbowWarrior1,hmmmmï¿½being home isn't *all* great  http://u.nu/8m68,disapproval
1961103202,sadness,nurulatiracp,Got people don't let me skip sci pratical becos skola is impt and cannot waste my parents money.  Nt fair.,disapproval
1961108829,neutral,Berchettie,Bad migrane and need to go to dancing tonight.... Not a good combination,disapproval
1961130007,worry,famously_blonde,@brookstuh am I not good enough,disapproval
1961134360,worry,Richdhong,@kathypak  that's not good,disapproval
1961136714,sadness,AmandaSena,@DaneFiori The thought of splitting the estate is depressing of course! (KIDDING!) I don't like the thought of my parents dying,disapproval
1961146821,neutral,DBordettArt,@45H13Y that's no fun  server change...?,disapproval
1961151822,happiness,JinxCat,@DJClicheDarknes I haven't had a good homemade flour tortilla in ages.,disapproval
1961178192,worry,Tykerq,Hmm... the new sports catalog and card jitsu updates are not appearing for me,disapproval
1961184231,hate,dethnyte,@CapAtomyc That link isn't working for me for some reason,disapproval
1961195335,neutral,msgack,i can't seem to access Restuarant City due to some internet / javascript problem...,disapproval
1961220489,love,normaltusker,@mrinal and the other variable types that we have are not going to be any helpful here!  what is the margin of error here?,disapproval
1961225991,sadness,LouiseThornsby,@chrlttgrc nope im nott! i was planning on doing but my aunties come over from america and we're havin this big family meal so i cant  xx,disapproval
1961239404,hate,caarooliineex3,French isn't meant to be taught to asians,disapproval
1961242128,worry,amandacraig,Ive totally not got that job  i can just tell.,disapproval
1961246096,empty,ladymedic,Is not looking forward to the LSAT,disapproval
1961248597,love,YunuenLG,changos el link no me sirve mta,disapproval
1961251747,sadness,cherrystphoto,workout stunk...no headphones.,disapproval
1961257565,happiness,yashved_2890,Nt able to follow anyone  friendorfollow.com here i come!!! #itsucks,disapproval
1961266148,sadness,lisachaves,Aww nobody likes the album I posted after a million attempts  Boohoo,disapproval
1961278745,worry,in_orbit,@Mister_SEX I do!  I'll probably get fired if I do though,disapproval
1961295206,worry,Lyn_Marie,It's too hot.  I don't like it.,disapproval
1961377009,sadness,blaktornado,is a failure,disapproval
1961409278,worry,Pentagramdreams,I don't think the coffee at work agreed with my tummy,disapproval
1961422514,sadness,titch88,I think it's unfair I have to miss the sun  all places of work should be closed an writing essays should not be allowed when it's sunny!,disapproval
1961423330,hate,hautecouturedol,@lelebaby21 @JazzyFiierce u guys are soo unfair smh...,disapproval
1961423828,worry,mavss,@Metal0520 I haven't talked to you since the last day of school!  that's no right.,disapproval
1961431798,neutral,mariawillbeokay,Seriously. I dont like girls.,disapproval
1961459948,happiness,yatsuha,"also, Lipton's Sparkling Green Tea is gross",disapproval
1961462879,neutral,kate0404,"@Dynonugget Well, I'll have lemon and ranch for you. Not for me, though.",disapproval
1961474488,sadness,GemmaHarvey,Is not a happy bunny,disapproval
1961479029,worry,devonanne21,"@kayleeperry look at what i said to....someone. actually dont. no, do it. dont. yes. no.yes. no. UGH i dont know.",disapproval
1961490310,surprise,indycolecash,@RoxxiNikki It's a lie just like the restaraunt named &quot;Garfields&quot;... he is nowhere to be found,disapproval
1961490824,worry,Parentella,I am doing the  FF wrong!,disapproval
1961491664,neutral,EveRebecca,Getting ready for the theatre but I don't seem to like any of my clothes at the moment  I Might just wear what I've been wearing all day..,disapproval
1961498975,love,Addicted2DEW,@marebear521 its open now??? Its so good!!! But didn't agree w/me,disapproval
1961500898,sadness,dongkaaa,its freezing cold! i cant function right in this type of weather. starving to the max,disapproval
1961516304,worry,thesamone,"fact is i am a bad cook, those ships weren't cooked, and neither is this chicken",disapproval
1961523176,neutral,dawgs52,"yeah one burrito did not taste like the other, there was no avocado ranch sauce",disapproval
1961537815,worry,rachelgab,Back at the vet and it isn't good,disapproval
1961545117,worry,UnderUmbrella,I don't have enough close contacts on twitter to do follow friday  #followfriday,disapproval
1961549356,sadness,drumstickboy,i failed at cutting and peeling the mangoes  hah. it was weird trying and my father did it like it was nothing.,disapproval
1961551290,sadness,Sianypoos,isn't lookin 4ward 2 work 2mz.. n if its gna b like 2day-weatherwise- itl b even worse  xo,disapproval
1961553740,neutral,Katie3294,I also have to make space on my computer for the game. I don't meet the minimum requirements for Sims 3 at the moment,disapproval
1961556816,worry,Anna_Pat,snotty nose  poorly chest! this is not good!,disapproval
1961568315,love,samiya_barbie,Back with a great time spent with my cousins...technically uncles and aunts!also had an icecream...it dint taste that good,disapproval
1961571626,empty,Marmotman,"@usagijen I didn't like the new Terminator movie, man",disapproval
1961577320,worry,westlifepixie,@Selly06 that is never good especially on a friday night,disapproval
1961611741,surprise,baskew,@HerDesign no one I know likes boiled peanuts t.,disapproval
1961612597,love,Cobolisdead,"@DerrickJWyatt Yeah, I'm not really feeling it either. Of course, I don't like the movie line, I wish that we were getting more Animated.",disapproval
1961646153,sadness,fashiondani,http://twitpic.com/66vld - i don't like this bangs! I want my hair back!,disapproval
1961659012,neutral,ThemesbyDesign,"I'm working on working, but it's not working",disapproval
1961686001,worry,stewling,My invisibleSHIELD has gone a yellow pissy colour! Don't look good!,disapproval
1961701968,neutral,natashaaaaaa,@captainkarenn I dont think so,disapproval
1961738653,worry,JRHIGHTOWER,I dont think my twitpic is working,disapproval
1961747041,worry,itwashardlylove,"Bleargh. I can never clean as much of my house as I want to before work, no matter how early I wake up. Today: sink, laundry.",disapproval
1961764504,worry,NellBellz,"Again, No P.F. Changs for lunch    Booooo",disapproval
1961863429,neutral,thingsjenlikes,"@opaque19 I can't do that.  I take it at 11, or I work through it.  Those are my options here.",disapproval
1961869070,sadness,BLBudding,"PINKPOP weekend &amp; I've got NO tickets, meaning no BRUCE Springsteen  Oh well, it's WWWWWEEEEEEEEEEEEEEEKKKKKEEEENNNNDDDD!!!!!",disapproval
1961875456,worry,ohjesslyn,needs to wash her cats. Uncool.,disapproval
1961878200,worry,mbg,@SteveAgl not for me,disapproval
1961920582,hate,Dare2Diva,@teamincredible ALL white shoes make me cringe  . White shoes give me pause.,disapproval
1961964547,worry,DonAtPoundCS,"This wind is crampin' my style. I have a section of my yard that won't get any water. I'd move the sprinkler, but it's surrounded by mud.",disapproval
1961966311,sadness,pinkmotown,@ 5 happiness (chinese) totally disappointed  the food is USUALLY good *FAIL*,disapproval
1961968715,sadness,Anyelday,@SweetHomeBirth  link isn't working,disapproval
1961972816,neutral,princessryry77,To lose this gut lol no seriously i have gained a lil and im not liking how it looks.,disapproval
1961996462,worry,parcelboy,"I would do a #FollowFriday, but everyone on my list is already on everyone elses list so what's the point?  I'm just not popular enough.",disapproval
1962016305,worry,sonielle,@AFMikey413 that sigh doesn't sound happy.,disapproval
1962019650,worry,codeles,"on the phone with Arvest, the girl on the phone is breathing into the mic on the phone... not sound as good as Darth Vader...",disapproval
1962022006,worry,abellwillring,"I never order chips any more due to how unhealthy they are, but getting a burrito from Chipotle or Qdoba doesn't feel right without em",disapproval
1962030936,empty,LauraaKelly,finished the noodles. done the dishwasher. really really warm. i don't like it,disapproval
1962065004,neutral,AngelaLeaphart,@zHundred No. Not professional at all.,disapproval
1962066381,hate,nichis,@soniei argh. I don't like ebay. I got outbid at the last second,disapproval
1962113782,sadness,kirstyrebecca,feeling rather peckish...no dinner for at least 2 hours  wah,disapproval
1962137190,love,Emmurr,"Goood Dayy  Beeen shopping, didn't get what I wanted though  But my best friend has comeeee homeeee!! XD Ily Shannii x",disapproval
1962146374,surprise,mlo4a,Dance Flick actually NOT that good!,disapproval
1962200718,sadness,msbellee,is off to get the boy and then to his doc. Persistent coughs are not good.  http://plurk.com/p/x285t,disapproval
1962209329,worry,iJordache,...just not that into me,disapproval
1962211306,hate,hakim247,"I don't like the heat, as global warming will eventually destroy the Earth, and the sun will inevitably eat up our planet,  grim",disapproval
1962218402,sadness,JennW,"@xombie yeah, NO. I already called to ask.",disapproval
1962253242,surprise,3xoTara,im still melting and im in the house in the shade  its not fair.,disapproval
1962253624,worry,DKV08,Ok... No one was interested in my special.   Now the popcorn is stale! What a waste. I'm going to find a homeless person to give it to ...,disapproval
1962302295,neutral,sydiot,I don't like when my g1 changes.    I feel like google should send me an email and tell me all the things they're gunna do to my phone.,disapproval
1962307567,love,fckingboyfriend,shopping! Migawd. i don't want to surf the net anymore.,disapproval
1962308123,worry,lecitykitty,@MiiZxP ohhh wowwww no good,disapproval
1962320469,worry,megs1313,sore throat and a headache starting on a friday is not a good sign,disapproval
1962365336,sadness,crahnbistro,"@hypernyck if i can get a ticket, but the pickings are lookin slim soo prob not",disapproval
1962376985,hate,clauds,"@debbieseraphina not very effective for me  i am stuck! i either sit up, let it cramp or lie down and pay the consequence later. EEPS!",disapproval
1962387059,sadness,CuteRain,@CuteRain following 865 and followers 539...not nice,disapproval
1962432267,hate,Elizabeth_Wade,Well its a good thing ''march'' wasnt very long and i didnt like it...cuz its deleted. Ugh,disapproval
1962434705,sadness,xkatess,i don't like being sick when the guidance counsellor is supposed to take me + 35 other kids out of school for bowling &amp; pizza,disapproval
1962436364,surprise,sarahsosincere,"@hank1914 Hey, that link didn't work for me",disapproval
1962454702,sadness,itzT,waaa the octo drive and i can't go for it,disapproval
1962517074,neutral,acvinegar,doesnt know how to pimp out here Twitter page.,disapproval
1962529167,neutral,bsmitten,@blackheartbunny - nope,disapproval
1962585336,sadness,limeice,No No No @ankita_gaba will take @Shadez away  Not my day! #shadez #twpp,disapproval
1962610422,worry,JessicaRosales,daddy is in the hospital  i dont like it!,disapproval
1962652280,boredom,hideout,@vmlemon i dont like #kde since ver. 4.0 its like vista  #fail,disapproval
1962660987,worry,kupo707,My dad is trying to force me to learn to drive. I don't like doing things I'm not good at in public,disapproval
1962689196,hate,megan_marieee,i dont wanna do this anymore! but the couch is jus sittin in the middle of the floor. do i really HAVE to finish?,disapproval
1962724274,worry,ourru,I don't think the neti pot is working for me  maybe I'm doing it wrong?,disapproval
1962727727,worry,doctorb,Just got my rejection email from Jeffco schools.  fingers crossed for Boulder Valley...,disapproval
1962745255,worry,lovielove12,Life Just Isn't Fair &gt; And I Feel,disapproval
1962774460,worry,danielgrosvenor,#Java is not working - hmph!  Can't upload photos to #Facebook.,disapproval
1962811252,sadness,vivimendez,Evaluating my people...Dont like this part of the job,disapproval
1962823903,love,CaiaBrown,Can anyone eat a Hot Pocket and be completely satisfied?? Not me.,disapproval
1962831240,sadness,PENLDN,@cacaubrazil that's not great  guy related??,disapproval
1962842926,neutral,be_my_addiction,"in computer class, photo booth doesn't  work",disapproval
1962857009,worry,mukeshmukhi,wats up with the racism in australia? Its not nice,disapproval
1962891409,sadness,rosalicious,There is no good place to grab a quick healthy lunch in downtown Golden. Looks like it may be Safeway,disapproval
1962914409,surprise,TessMorris,@pilgrimfamilyuk OOO YUK !! thats not good Im retching as we tweet,disapproval
1962919092,hate,Chantaleewaid,I really don't like this weather,disapproval
1962925849,worry,maplesyrup86,I don't wanna do this presentation,disapproval
1962940214,worry,bijouxazurine,"I have to say, I find it very hard selling on etsy.... sometimes discouraging",disapproval
1962941323,worry,_magic8ball,@JosephChapman Outlook not so good,disapproval
1962956937,hate,insearchofnkotb,Ughhhh...mad as ppl make me some times...I don't like 2 have 2 do yucky thngs  I am NOT cut out 2 deal w HR stuf...ppl's tears kill me!,disapproval
1962959799,empty,irene_velasquez,I dont wanna im to spanish today,disapproval
1962981646,sadness,thetricktolife,"@jordanhowell nah just iplayer listening back to it, its not working",disapproval
1962982261,worry,loveleeh,can't find any good version of 100 Monkeys song    ++ still doesn't get how to send message things on twitter.,disapproval
1962993589,empty,WorldsOfAlisha,@djknucklehead http://twitpic.com/665n7 - I dont like it,disapproval
1963001231,sadness,matthat08,just woke up...dont want to go into work at 4,disapproval
1963003060,worry,Tartarus,"If recent experience is anything to go by, I fear I might be going off Indian food. This is not good, people. Not good",disapproval
1963005572,sadness,saffronstar,pics arent working for me here on twitter,disapproval
1963027078,sadness,Kaaayleigh,"@jaycool2k I do want to go for Peaches... but also Miss Kittin, pendulum, chase&amp;status and the bloody beetroots! its not fair",disapproval
1963028094,worry,ClarissaG,"@EeepersChoice I'd rather she not, if she's going to destroy them.",disapproval
1963072933,sadness,K__Town,"@karenemcg yeah, that doesn't sound very good",disapproval
1963094826,love,marci723,"Noooo my favorite coworker just got a new job, he's doing marc jacobs shows now, not fair! I don't want him 2 go!",disapproval
1963095345,worry,Miss_CJ_Marie,Don't really feel like I got a tan  I gave up and am working out instead. Skin cancer is overrated. &lt;3 CJ,disapproval
1963125468,neutral,katrinavic,Ugh just got out of work i think i'm a dang taxi for ppl but i just can't say no!!!!  o well its my fault,disapproval
1963148506,neutral,hester1992,I feel lazy watching other people work on my roof!  Kat Woman OUT,disapproval
1963155342,sadness,LuisMartinez78,"Hi, is anybody else having problems with the Karma site? It's not working.",disapproval
1963180116,worry,colormesillyy,I may have come down with something; we're almost out of tissues!    this is not a good season  http://tinyurl.com/nccqya,disapproval
1963191016,sadness,BriBri2007,@LLDA  lo siento but I dint have enough room =/,disapproval
1963194001,love,alexdao,"@miqotu Oh no, that doesn't sound good! better get it checked out.",disapproval
1963194409,hate,actndance,im trying to put up a pic but it wont work!!!!,disapproval
1963199699,neutral,walporr,@mileycyrus I can't vote for you    they have stopped the voting,disapproval
1963227108,worry,ToYFuL,I'm not looking forward to the crazy commute come with everything that's going on down here,disapproval
1963233394,surprise,seagab,noooo! @shutuppat  all summer?! I won't see your charming little face ALL summer?!,disapproval
1963279677,worry,Lynseymansfield,@xtfrtalr what's that supposed to mean?! Thats not good,disapproval
1963295615,hate,electricmarge,I don't want to apply for jobs!!!,disapproval
1963296289,sadness,skyste,"28deg C in here, all this tech in my room does have the major downside of a lot of heat, doesn't help its hot outside 2",disapproval
1963341196,worry,neur0mancer42,@LostMyHeart Gourmet pizza = BLEH. Pizza is SUPPOSED to be greasy and filthy. You can't eat pizza that's been prepared by a chef.,disapproval
1963346064,hate,Gansiito,This chair is not comfortable at all,disapproval
1963350486,hate,PrincessSakura,"sooooooo NOT happy, wattching disney channel....rubbish rubbish rubbishhhhhh, didnt get my jonas 3d poster  the dude wasnt there but im..",disapproval
1963371516,hate,leighalexander,@theECA i think that violates my noncompete,disapproval
1963385538,hate,hello_charlotte,being surrounded by student houses having barbecues and playing shit music is hardly conducive to a good job-applying frame of mind,disapproval
1963389397,worry,a_silent_song,"@Handroll That didn't work, unfortunately.",disapproval
1963394330,worry,bevingaines,@savvybride  That's no good. I'm sorry,disapproval
1963395142,sadness,Bekahpie,I knew Listening to Miley cyrus In The morning was a bad idea!,disapproval
1963407908,sadness,angelzeus,@Avas_Writer aww no which one?,disapproval
1963458850,worry,fakebestfriend,@DutchRaymond gay marriage isn't legal everywhere here.,disapproval
1963459320,neutral,alixrose,Shoe shopping but out of luck. They don't have a size 5 in anything I want!,disapproval
1963463783,worry,silvi_feuer,@saydiemason Well i don't what we should do,disapproval
1963480715,worry,dancingbeans,I don't want to go to the 3-hour lecture,disapproval
1963484339,worry,trialia,"Frak. I like sunshine, but I do NOT like heat headaches  shame, because today was lovely otherwise.",disapproval
1963501166,fun,LilTyraBanks,Boooo my 2nd wkend bein 21 n ima b in tha house alone,disapproval
1963504622,relief,lianeviolet,One is not supposed to have a headache on a Friday. That's just not right.,disapproval
1963514879,sadness,hey_molly,No show tonight  No plans. Ughhhh.,disapproval
1963518966,neutral,ViennaBanana,@BeachBabe4Ever genevaaa! my picture isnt showing up  i dont think im doing it right,disapproval
1963522971,neutral,UzimaCollective,@vyzion360 your not following me  it won't let me dm,disapproval
1963528313,neutral,luv4randb1231,"@rnbguru bummer, that means unless I do a youtube rip, which I don't know how, I can't have it.",disapproval
1963545290,neutral,gmak101,I'm not a fan of all day trainings I Novi. I'm one sleepy girl.,disapproval
1963545365,worry,LolaFoxyBrown,healthy food is NOT helping my hangover,disapproval
1963580660,hate,Dyrnwyn,@kmrasmussen nah. How it sucks to wear a suit and how the temp goes up 10 degrees when someone sits next to you,disapproval
1963581344,sadness,ducky15,@gailmoscoso oo noo thats not good,disapproval
1963582751,worry,yukoncorne1ius,urban think fail. chai latte is not good there,disapproval
1963586744,worry,serda23,@Bwadoo that doesnt look good at all.,disapproval
1963598800,empty,wide_receiver,@PinkTribble I do not consider myself to be an estate agent,disapproval
1963599163,happiness,orplasmic,@lvlyfairygrl i would say no bc its so overcast  but if it gets sunny again then yes!,disapproval
1963599556,worry,_kwaz,@brookeburke i found out that there's sushi with fake crab meat and it's not good for you,disapproval
1963603862,empty,inb4rage,"A singing girl. Talented, yeah. Good to complain about? No",disapproval
1963604460,sadness,AshasMom,I've experienced apathy over empathy in customer service situations too many times recently.,disapproval
1963610822,neutral,richieh,#bgt not the best song for her,disapproval
1963644061,relief,EliseSchmnise,not doing relay  oh well.,disapproval
1963644152,sadness,NGowers,Please don't vote for her out of sympathy!  #BGT,disapproval
1963648963,worry,VictoriaKlein,"@sheagunther Damn, I'd be interested in working with Care2, but I don't live in SF anymore",disapproval
1963700294,worry,Jorriss,@datachick That version is not compatible with Vista.,disapproval
1963702883,empty,RosieS89,Playing games don't help me out of being bored!,disapproval
1963703940,worry,Laurabr15,just because you're a superstar it doesn't mean you have to do that !,disapproval
1963703991,hate,msexclusice09,Mad because quiz 5 answer on the BET Ford Fusion sweepstakes are all wrong,disapproval
1963706683,worry,andyknash,Can't paint anymore because of the light,disapproval
1963726274,worry,michalhay,"@davidcrow @cspin and I suppose, until we have more bike lanes, the roads aren't safe enough to pull your kids in bike buggies/trailers",disapproval
1963793394,worry,chelliepellie,"i wanna do something tonight, but that doesnt look very promising",disapproval
1963822494,fun,NateB2,@hannahbananalee talk about drool - the Canon EOS 5D Mark 2 is *amazing*.  Too bad it costs $2k...  http://tinyurl.com/63qoz4,disapproval
1963860610,sadness,theFreshManX,likewise @Buttahbrown you better ask about me ;)  I don't appreciate you neglecting the sir fresh.,disapproval
1963869593,worry,I_AM_BANDIT,@candicotton not so good,disapproval
1963900845,worry,happyherbivore,all these follow fridays make me feel really unpopular,disapproval
1963907952,worry,agusbiren,"@cecinievas omgggggggggg, cant belive it! what had happened to it friend? do you know where did you missed it? thats not nice!!",disapproval
1963909625,worry,TorontoTrini,"has applied for OSAP yet again- God, I'm gonna owe major $$$ by the end of my academic career, this just ain't right!!",disapproval
1963936340,worry,allichocofudge,odd i tried to call mitchel musso but it dosent work....,disapproval
1963987576,worry,xLelo44x,This is not a happy tweet,disapproval
1963992468,sadness,aceraceae,Sulking at home while it rained was poor strategy.  Now i'm watching the sun shine from a desk in the Robarts reference room.,disapproval
1963994127,surprise,Kimli,"@KulpreetSingh Good god, no. You can fit very few swear words into 140 characters",disapproval
1964029247,neutral,fletchernet,#bgt Can't watch anymore,disapproval
1964034674,anger,GingerMandy,@FafsaHelp i don't know what lender it was? yea these people definitely sucked butt toes. NOT friendly or helpful.,disapproval
1964053218,worry,meldiane,@chelseytx I don't have the app that does it,disapproval
1964056371,worry,jvfriedman,@lizzerdrix The stuff I got was precariously close to ricotta cheese. It didn't help.,disapproval
1964058644,worry,londonstuff,Have slept all afternoon and evening after getting back from NYC. Now feel bright as a button. Probably a bad move,disapproval
1964063119,neutral,hummingbird604,"@sanazj I dunno, I have tried it in various forms and nothing, can't really like it  my dislike of cheese is an enigma to me",disapproval
1964063152,sadness,Poshy,@NightRPStar I don't think so. We just hired someone for that.,disapproval
1964124821,neutral,cardiacheart,@kafryn i cant,disapproval
1964126308,worry,MadEmpress,I keep pulling out my knitting at my desk and then putting it back.  Not good!  Not good!    T-minus 15 minutes till release........,disapproval
1964153291,worry,TinaKirkines,"@ChantelleDaily sold out in 6 stores, i don't think so",disapproval
1964160893,neutral,kbourke,Fractured growth plate doesn't mix well with the upcoming dance recital for 12yr old.    Does anybody want to buy a costume...or six? GAH!,disapproval
1964164180,sadness,securityintern,"@ultramegaman I've never done a Friday digest... today is an anomaly, usually my schedule on Fridays doesn't leave time for it.",disapproval
1964209347,worry,njtam,at the direct selection tool who is being stubborn and not working for me today.,disapproval
1964215219,hate,niannian,@msmiya127 did your car get towed? Thats what happened to redgie's car last time he went there  another reason why i don't like splashtown,disapproval
1964223157,worry,JeffreyNYC,@xXHAZELXx Don't think you would be happy if you were...,disapproval
1964287442,hate,ginny9577,@TheSims2 aww BBQ? that's not fair  all i had was chocolate,disapproval
1964288508,sadness,toxilox,sorry to tweet about BGT but poor wonderful crazy weird Greg  so not fair. the silly little girl is never going to cope. urgh. NOT FAIR.,disapproval
1964299854,neutral,Glossophobia,@soozafritz I'm bored too  I have got NOTHING to do.,disapproval
1964302112,worry,EmmyinVegas,I am trying to upload my background from twitbacks. its not working,disapproval
1964326790,surprise,Cyanidelollipop,we're getting another puppy  ... not cool... really,disapproval
1964326807,sadness,Cyanidelollipop,we're getting another puppy  ... not cool... really,disapproval
1964379910,neutral,imjustnettie,@PerezHilton perez....... The YouTube video isn't working,disapproval
1964395960,sadness,sausagenmash,@yelyahwilliams Noooooooooooooooooooooooooo! You can't do that,disapproval
1964397242,sadness,julezykins,@RedStarFuture awww NO. you're not ugly.,disapproval
1964400615,worry,19fischi75,"@Impala_Guy Yeah unfortunately  The flight is most expensive.....the rest is not so bad - the flight is ca. USD 800 - 900,--",disapproval
1964458147,sadness,TwatRock,@Gracious_Greta That is so not good.  Your box is worth way more than that!,disapproval
1964497869,neutral,BCStacey,"@HilaryJ Not sure, but I CAN tell you what happens to a pre-chilled watermelon that you leave in your car  *in TX* for a week!   NOT GOOD",disapproval
1964498484,worry,mendozasantos,@McFrezco - whoa. &quot;sack chasing whores&quot; ? that is soo out of character for you to say that...  bring back my sweet Superman,disapproval
1964503340,worry,heartofzaphod,no one wants a #VirtualKiss,disapproval
1964554427,worry,anticipating,I want to change my twitter name but I can't think of anything,disapproval
1964564300,neutral,Overcast,No fair tonight. Rain.,disapproval
1964566880,worry,kinkouin,@SEGA small? we cant choose?,disapproval
1964580312,neutral,glossyveneer,"Colleague that &quot;helped&quot; by creating his unit's site in iWeb was NOT helpful. Trash code, 24 CSS files for a 4 page site, no optimizing.",disapproval
1964627501,empty,jayroh,@cgervcracker that wasn't nice,disapproval
1964629520,sadness,ludovicah,@MFarrugia I never was good at platform games...,disapproval
1964643316,sadness,Itsme99,I dont like this random gloomy weather,disapproval
1964666054,neutral,DavidNoorigian,@caligirl00 ur Mom just called. Guess NOT. C U @ 5,disapproval
1964691326,neutral,bkkay,@theBrandiCyrus I don't think u look horrible and de my mmommy pits up embarrisong facebook picturesnof me,disapproval
1964708004,hate,sexidance,@BitterTea ugh but they are so unattractive! u might as well drink from a regular glass. i really dont like them,disapproval
1964733184,hate,Beetledriver,"i donbt like to peel prawns, i also dont like going shopping, running out of money and crawling round the car looking for more",disapproval
1964739132,neutral,paulabdulfan,@PaulaAbdul ahh naa i dont like rain  nm really friend is comin over then goin 2 my grans,disapproval
1964828458,worry,Xibalba_Bear,I didn't get the job at Berry Line after all.,disapproval
1964839709,worry,DanCoughlan,the sing store won't work.,disapproval
1964843242,sadness,eleganttragedy,"@CarsXCollide: no, I fell and effed my arm up today and now I have to do back drive.",disapproval
1964853775,worry,gazmercer,Today was not an inspirational photography day  #photography -  http://twurl.nl/jnizbw,disapproval
1964873051,hate,soulboykirk,@DanielJUK awwww  nsty when ppl make fun of someone &amp;  laugh their asses off; when the see ur not laughing that shoud be a HINT! Wrong,disapproval
1964875551,neutral,kevskrilla,@Mz5thAve  no room for me smh,disapproval
1964884508,worry,collystringgs,"@rainofashes I would never do that to an innocent individual, plus it's really unsanitary",disapproval
1964954210,neutral,mitsubishievo6,At an art party. No crazy artists as such. Bit padestrian. No skanking,disapproval
1964969902,worry,rayfaye08,i never though i'd be in this situation. i don't like it. at all.,disapproval
1964979006,worry,Kelliwnts2write,"OK, when will this post RNY girl learn; rich sugary food is a BAD idea! No more golden graham bars out of the vending machine. Bleck!",disapproval
1965074522,surprise,trwhite88,Sunburn is not as fun as I remember,disapproval
1965086707,sadness,AnduTros,"Just an observation: Aside from the riverwalk, there are pretty much no cute girls in downtown sa",disapproval
1965220285,worry,autumnisftw,I don't like thunder. And neither does the doggy.,disapproval
1965221190,neutral,linnzo,listening to revenge by kiss to get inspiration... i don't think kristie is really digging it though,disapproval
1965256339,hate,karen0z,Nothing good at the five dollar sale.,disapproval
1965265108,worry,Candice_Jo,"@marshallsheldon Probably not a good idea, its hard to tweet on the web, I miss Tweetdeck!  *cry*",disapproval
1965267352,fun,GillyCoop,"@LMontt I went on a Disney Cruise when I was a kid, but the characters were on strike so there weren't any",disapproval
1965304933,hate,kearbear44,@nelsoncrew  Don't hate me  I seek approval from anyone and everyone..,disapproval
1965306168,worry,randyjwade,New phone isn't syncing with my computer...I need numbers,disapproval
1965310287,hate,roxiexena,It should be illegal for me to date,disapproval
1965334856,worry,iitsJessbabyy,"Wow, NOT free WiFi &amp;&amp; you have to pay for parking!? Reduculous!!!",disapproval
1965367097,sadness,JustyGTI,Work is a no go,disapproval
1965384337,hate,melissadjahida,@Yermilla really? bcoz i'm not good in math &amp; we r learning sumthing that we won't need  so thats why i don't like math &amp; my teacher is uh,disapproval
1965390905,worry,MayraAlejandra,"Okay, this weather isn't &quot;cute sundress&quot; friendly. I dont get how it could be so warm one minute and cold the next. I was freezing",disapproval
1965419876,worry,brigwyn,@Kreeoni I can't follow that one,disapproval
1965424083,sadness,nataliaJB,@Its_Aitana K ??? What??? No way!!!! No,disapproval
1965427241,worry,fp030394,"do not go to moes mexican grill, it is TOO spicy!",disapproval
1965430429,sadness,spookychan,@MrGranger trouble is i don't think any of this is helping my wrists.,disapproval
1965441830,worry,yoliemichelle,ughhh rejected from the 09 mediation program. SUCKSSSS.,disapproval
1965448898,sadness,Je_suis_peur,"Aw, not going to Toronto anymore.",disapproval
1965472491,neutral,bigramo,chili cheese fries a bad idea for lunch..,disapproval
1965477584,worry,BeantownCutie,"@MrsDDoubleU no I want too, but a couple of people said it wasnt good",disapproval
1965493942,sadness,clairebearcares,im really sleepy and i want to go to bed...but its upstairs and its a mess and i know im gonna have to clean it  nooooo,disapproval
1965497371,sadness,big_bad_toxman,@buzzup why would you want a clone? Unboxed a new 24&quot; iMac last night and it's beautiful! Too bad it's not mine,disapproval
1965500020,worry,AAAAIRY,@eeeethannnn I do NOT. I RARELY dye it at all.  the red was the first in aaaagggessss. My hair just hates me.,disapproval
1965500883,worry,_AislinnTighee,@JustYassy it wont work for me,disapproval
1965505943,sadness,godawgs428,No free ice cream though,disapproval
1965518393,neutral,_AislinnTighee,@JustYassy i did  i dont no,disapproval
1965527505,hate,IvoryCries,errr....I don't want to go sit in the heat and watch a high school graduation.,disapproval
1965536039,boredom,Mukie,is not liking the online livebox right now. Internet is dead.,disapproval
1965596589,sadness,85stacy,can't set p my phone to twitter,disapproval
1965600001,neutral,16_MileyCyrus,@TeamTSwift I no  i wanna move to america!!!!!!!!!!!!!!!,disapproval
1965651908,hate,AlienCollective,"Okay, so the only reason I'm not buying this app is because I hate EA and all that it stands for. SimCity rocks though.  http://is.gd/JpMM",disapproval
1965694409,worry,NicAntoniette,"trying to upload a custom background on here, but it's not working",disapproval
1965696645,worry,Blazecc,@saraht578 What software do you use to design sites? I'm a CS student and currently I hard code everything. It's not the fastest way...,disapproval
1965719756,worry,TSDivaDani,@abbefied Bummer- that is a bad experience.,disapproval
1965724569,hate,ChefAsata,"@foodphilosophy seriously, technology isn't always my friend. Nothing like doing double research.",disapproval
1965732756,worry,BecaBear,@architeuth1s oh no fair.... thats in 9 hours,disapproval
1965757488,boredom,mkcho73,"longest flight EVER. not particularly unpleasant or uncomfortable, just really really long",disapproval
1965762036,neutral,my8kidsmom,Grrrr....I got the wrong size coat for the sheep,disapproval
1965801034,sadness,ShelbyShanan,heading to graduation  I do NOT like this....oh and Nick....I'll be looking for you....,disapproval
1965802162,empty,juliaparris,Trader Joe's &quot;sushi&quot; is a fail.,disapproval
1965844618,sadness,erinjeany,@misterperturbed I ordered a replacement palm centro cuz my phone got kill't! I wanted a palm pre but cant afford a data plan,disapproval
1965860289,worry,katiebean,"Hmm, no holga for me probably",disapproval
1965872791,worry,KaraFazio,Visiting family in hospital = not fun,disapproval
1965873120,hate,Ryanb58,Danget  having problems with WLW and Blog engine  uggh... not again  !!,disapproval
1965903653,worry,riotxjess,I want a new UI  But I don't want to actually set it up myself.,disapproval
1965921144,worry,rossautomatica,@HimOverThere aww noooo that doesn't sound too great,disapproval
1965928491,worry,Galley99,Greenville Drive games just aren't the same without the &quot;Baseball Guy&quot; clown.,disapproval
1965937831,empty,CeeCeeJayez,leather jackets=uncomfortable....not my thing,disapproval
1965950270,worry,TomboyTigress,@SinsualDzires phone updated and she's got a camcorder on her phone now--mine hasn't updated chit  that ain't fair .,disapproval
1965958282,worry,iamaplatypus,"@yelyahwilliams it could be a bad idea, Hayley",disapproval
1965983756,sadness,sarahlefebvre,"omg, NO ICECREAM",disapproval
1965993780,sadness,vicariouslyme,Xfiles disc doesn't work.. Rippin,disapproval
1966005806,sadness,mathewsanders,about to start my least favourite chore.... mopping the floor,disapproval
1966035218,sadness,kyoisorange,"@natbubba yeah, totally unfair.  we should just. FLAME THEM EVERYWHERE",disapproval
1966035918,neutral,Jamie1Elise,@DJFREEZY ummm not with me?,disapproval
1966036461,empty,staciebee,"@ianiv No, it's not",disapproval
1966041400,worry,katielev,I don't want to sit at home on prom night. Someone hang out with me,disapproval
1966041834,worry,yoav85,"@dorr did some research, but couldn't find the specific thing which i wanna do with this drive's autorun",disapproval
1966057889,worry,SatsugaiCat,This is not fair... bath again....,disapproval
1966074863,love,SoloFriendly,"@CirqueLasVegas 2nd ticket has to be for the same show, though, right?  No good for a solo traveler to Vegas.",disapproval
1966103972,worry,squint777,Not legally old enough  to get a summer job outside of babysitting.,disapproval
1966107186,hate,Valeriuh,aww dude.. no fair. i thought that was the point of this thing,disapproval
1966120040,sadness,tabby_cat45,@donttreeriddle Oh noes!! Melted ice cream = do not want.,disapproval
1966122282,neutral,jadethomason,UP isnt im 3-D..,disapproval
1966162981,sadness,macklesD,I don't like my dress,disapproval
1966166272,surprise,stargrl221,Trying to figure out this thing...it's not going well,disapproval
1966172188,sadness,fstop23,@BigHeadAsian Ahhh...can't do this one....will be in las Vegas that weekend  #noctweetup,disapproval
1966198993,sadness,DivasMistress,@Kalediscope Girl *cries* I'm allergic to seafood,disapproval
1966210418,sadness,JaymEsch,@wita  Still think it's unfair that Infamous isn't on PC. =/,disapproval
1966227483,sadness,solider,doesn't sound so great at all  http://is.gd/JslB #palmpre,disapproval
1966259881,neutral,Shadowplay_x,tripping through tiredness is nottt nice,disapproval
1966269363,worry,Disco_Jesus,"reaons not worth it; drunk for no reason, depressed about revision, nothing happened. Reason's worth it:Matt, ...after that? i dunno",disapproval
1966269898,enthusiasm,TheKokoKure,@LovelyAaris That's not fair! I'm hungry as hell,disapproval
1966269991,surprise,meoof,@MuddyTheFox aww  but typing from beyond the grave...impressive,disapproval
1966270775,neutral,RochelleAdamson,Can't change my profile or settings,disapproval
1966276851,neutral,crystalthediva,Def isn't. I don't even feel like me without a pic next to my tweet.,disapproval
1966308041,happiness,leahjohn,@PerezHilton well even with her breakdown she was better than the other acts unfortunately! Britain's got very little talent,disapproval
1966312755,sadness,1nOnlyRose,"I'm bored... Don't want to stay home tonight, but don't want to spend money  blah",disapproval
1966355094,sadness,jacobburke,"Trying out a new Twitter client, can't seem to get a new theme applied to DestroyTwitter",disapproval
1966418469,worry,SeanOfDuty,could be getting sacked soon not good,disapproval
1966436350,neutral,Kenichan,"@cadistra Think wearing bermudas at the cinema wasn't a good idea after all, but outside was humid like cwazy!",disapproval
1693957410,worry,LINNDOR,not goin tto tafe,disapproval
1694034112,surprise,misterjt,@DJMel oh I don't love it. Just noting that remix kids seem to,disapproval
1694054595,surprise,merraberrabird,professional development is my favorite way to spend a beautiful monday afternoon....NOT!,disapproval
1694145838,love,DDrazic,Following @perth_aisa These guys could be shifty but worth following regardless.,disapproval
1694162901,sadness,karooze,@natalietran I don't like the term &quot;partner&quot; when it comes to relationships. It's too business like so that's my ugly word of the day,disapproval
1694203559,happiness,kshitijb,Nothing like home-made paranthas for breakfast,disapproval
1694292025,worry,PaulDuxbury,@BevClement I don't think we talk much about Banks these days - not quite as respected as they once were,disapproval
1694294073,happiness,dan_ajcfreak,"Monday blues? Not today, not for me.",disapproval
1694349759,love,Jayhirst,"@burntoutcar Just for reference, I don't own that dress either. Sounds like LH was a good Fopp buy then",disapproval
1694422337,worry,rholland34,@ankeshk @ankeshk I don't think I like this Roy Williams who dissects frogs while still alive &gt;  You look like Chachi from Happy Days,disapproval
1694437966,neutral,elfinamsterdam,@Flatmatescomic not good enough!,disapproval
1694439212,love,joolzp1,"I don't dig emo shit or that, but I like this song sorry emo's  ? http://blip.fm/~5jg0u",disapproval
1694512300,neutral,AcidDust,hey  backz here. school again. its rly boring but yeah,disapproval
1694551508,happiness,boogie_shoes,"@christhesoul well doesn't that look fab, even if I do say so myself!",disapproval
1694588075,worry,WollemiPine,@craigend I only do computers. Am hopeless at everything else,disapproval
1694604935,neutral,WarrenWhitlock,"@prgirl I still think everyone using twitter now is an early adopter, but yes, the underscore doesn't look so cool",disapproval
1694627008,neutral,hellohayley_,The music video I made for my  project for 'This City is Contagious' by @thecab is uploading to YouTube now.,disapproval
1694627133,surprise,remmulpaidualc,"@LauriM OH WAIT, I read that wrong. OK hellboy",disapproval
1694645458,worry,Piewacket1,@Vixster25 I cant it... gets pissy if I unplug it when its not finished hahaha,disapproval
1694726341,surprise,wahliaodotcom,@eugenechua Tasmania devils and the mad cold... Not a bad start.,disapproval
1694835175,sadness,gemmaburton,"I was right, street market + rain = not a good idea! Am at home now with the fire on and a bacon sandwich yummmmm",disapproval
1694835313,relief,_mella_,"I don't believe it, my puppy likes brussels sprouts!",disapproval
1694857831,fun,markpeters77,"@JacobLovie Haha it's not awful at all, but I think everyone hates the sound of their voice when they hear it played back, I know I do!!",disapproval
1694859611,neutral,RoleyKrazy13,"Its prob cuz I don't really like sleeping in late, even if I tried.",disapproval
1694976875,neutral,jealousfitsss,@agary2 it's trashy and sensationalist...so yes,disapproval
1694977952,neutral,crizard99,i am bored. :| any idea's of a nice site?,disapproval
1695026928,surprise,JoshAuerbach,"@fredwilson I've heard of disgruntled investors, but calling you a &quot;hoe&quot;? That seems totally out of line",disapproval
1695030069,neutral,charlotteord,@SarahJAnderson Skinny dipping with work colleagues?!  Maybe not.  I'd never live it down with this lot!,disapproval
1695082787,worry,mizzterious1,not ideal bank holiday conditions.. a little over cast and rainy but perfect for a lazy day with a dvd,disapproval
1695106775,fun,MagicManula,"@LchangetheworLd No, i dont think its bad. And its very well edited, too.",disapproval
1695108112,hate,Arbonator,"first year in ages where i'm not going to the crafty raft :O i don't mind though, i don't even like the crafty raft",disapproval
1695165076,relief,lloydbelleza,not a lonely day after all.,disapproval
1695222918,empty,kerinaclark,@louisecherrie fab!!! although don't think anyone could measure up to the standard set by jason donovan  !!,disapproval
1695252024,worry,jowildman,@MichaelHewitt I'm not posh enough to read Tatler,disapproval
1695342261,worry,DaveChalmers1,@WirelessWoman yes but 75% are on the wrong wireless plan,disapproval
1695343905,happiness,LemonpiY,@sevenspoons I like mine green  Just somehow doesn't taste minty otherwise .. heh heh.,disapproval
1695408535,neutral,conjunkie,"@stolendreams Thats not helpful. At least know you've got a place secured already if things don't pan out, but my fingers are crossed you",disapproval
1695409383,neutral,MiCHSTERR,i aint lyk any othaa gurrrrrl i dont lyk the jonas brothers-kristi.,disapproval
1695443473,empty,noexageres,listening to music  was kostet der fisch ?! xD my mathsteacher has choose the wrong job... that's wrong grammar but a real fact !!,disapproval
1695444264,surprise,achrome,@MikeThomson71 meetings are overrated.,disapproval
1695444338,neutral,paavani,@gulpanag Tataindicom is not as good as Tatasky  Airtel broadband is better.,disapproval
1695474923,neutral,jjujuu,"http://twitpic.com/4ji3n - Muah  Yeah, that is my brother. No, he's not weird..",disapproval
1695547190,worry,FlamefinalX,On my way to a final...the roads are really wet... :-/ hmmm.. Slipandslide!!!!!!!!,disapproval
1695583453,hate,burriscj,"@roediger316 It wasn't the best flick, to be sure.  I'm just ready for &quot;Star Trek&quot; now",disapproval
1695657592,worry,samkelly,@sadknob living quite so close to RAF boulmer that might not be a good thing,disapproval
1695731560,neutral,kama_sue,"@jeiseman no, but it's tacky to Tweet about it",disapproval
1695767086,surprise,yubugnme,"Wait - No Wind in Hair - that would be I-L-L-E-G-A-L!!  I would Never break the law!! No, never.",disapproval
1695804761,neutral,yungrese_bdf_09,no skool for me idk tha weather stinks  that my excuse ;),disapproval
1695844161,happiness,jessaisabamf,Little girls and their shallowness annoy me. On the good side i didnt straighten my hair at all today and it looks some what decent,disapproval
1695964433,neutral,Bluemelody84,Just uploading photos from the cell...nothin like true candid-ness!,disapproval
1696133800,fun,Aceswolf,@TheRealKeeks Not Pretty But one hell of a show  non the less,disapproval
1696176064,sadness,emaatwell,@xxPat..not that school wouldnt suck all the time,disapproval
1696177079,love,traveljunkyhols,Nobody does it better than www.traveljunky.com Not even half as good   ? http://blip.fm/~5jv7j,disapproval
1696177672,worry,Jo4nz,Definition of senioritis: Me. About to go to chem II and calculus. Not good classes to feel like slackin,disapproval
1696178797,sadness,isseykun,@Afey umm how abt a comment like that :p &quot;i dont like this&quot;,disapproval
1750997810,neutral,Thatcher,"@jordangerous Oh, I don't really have much of an opinion on her either way. It's just a night to rip everything.",disapproval
1751034593,empty,Kaneelya,@TEAMLUDAJUICE you are just wrong!!! Now you've come to brag with a full belly??? Smh ...,disapproval
1751034770,worry,CoachCharrise,"@TheTinyJEWELBox No, that's not right - I remember now.  You were in a fearless tweet - we were both seen as fearless.",disapproval
1751288523,enthusiasm,tdaniel39,Chili night in Minneapolis.  I refuse to turn the heat on in May!,disapproval
1751539020,neutral,willbutler,@dosjon NOPE.  It's been years since it's happened like this.,disapproval
1751750191,hate,BlatzLiquor,It's not now... Nor has it ever been Weigly North!! Have avoid drive home!!,disapproval
1751919256,surprise,bakerboy864,whoops...  not  in my last tweet,disapproval
1751953090,fun,albumcoverart,@johnwyattedgar i dont really trust the judgements and vouches of @brandy_xo   jk. i'll think about becoming a friend of yours,disapproval
1752052937,neutral,BaronessHeather,@burnthatbox  There's also a fairly recent (w/in past 10 years) quasi-sequel. Plot not as good but v. pretty in terms of art.,disapproval
1752160061,worry,rgoodchild,@oharris69 JUST like to clarify that I am a unable to acc. review vibrators as have not testrun any. *not an invitaiton for freebies,disapproval
1752160916,neutral,ucfbri,"Although Wolverine wasn't a great movie, I don't think it was as bad as everyone is saying...&amp; at least Taylor Kitsch was in it",disapproval
1752322000,worry,chyrls,@stovertile Etsy handmade cards weren't any good?,disapproval
1752473452,worry,dk103213,@jphauk huh what the fuck? Smelly? Noooo. I love alex Vixon,disapproval
1752475225,sadness,emmyinabox,@arundo_donax ISN'T PUPPY FREAKING ADORABLE!? I didn't want to let her go. FUZZYPUPPY.,disapproval
1752475545,neutral,tammysrecipes,"@merchantships You're welcome!  Math is really *not* my favorite thing but it's also so useful, so...",disapproval
1752564981,hate,momsontheedge,@KelsyC That just doesn't sound appetizing.,disapproval
1752644844,neutral,Cimarron42,"@Flawless326 Too much? No, not unless one of the pillows ends up suffocating the one sleeping next to you.",disapproval
1752796562,surprise,vavroom,"@linuxluver I read for pure escapism. Don't make me think, take me away  non-fiction tends not to achieve that, for some strange reason",disapproval
1752871983,happiness,moritherapy,@akarra if you weren't &quot;picky&quot; (=precise) i might not find you as interesting to talk to,disapproval
1753094954,hate,iGustavo,@backpackerinoz I don't like fishfingers. I don't like fish or seafood really. But enjoy it,disapproval
1753118059,neutral,cammy_halliwell,we don`t need no education,disapproval
1753158077,happiness,lauderdizzle,"@jen004 Nope, not &quot;done&quot; yet",disapproval
1753235311,fun,DawnofOURnight,"It's not my best writing, well i don't think. LOL. but it's some! I'd read it all if i were you!  It's pretty damn good after all! =}. LOL",disapproval
1753237174,sadness,_nataliee,Early morning walkies really aren't my thing... at least it's vaguely warm,disapproval
1753332047,love,Quimo,@KatsManDEW No I LOVE Jordie's version as well as Joe's and Donnie's ALL 3 are DIFFERENT,disapproval
1753433791,happiness,deafknee,"too much good food on this Mother's Day. not that i'm complaining! Seafood, durian puffs and macarons! yum!",disapproval
1753548750,boredom,Colemaninho,Watching mens volleyball on TV.  For some reason its not as good as womens beach volleyball.  Cant quite place why,disapproval
1753582466,sadness,HelloLizzi,@OhaiGabriella i hate it. it should just be english all day everyday,disapproval
1753582806,neutral,cabana_a,I dont associate with fake asses!,disapproval
1753601392,neutral,Goldyfinch,"@JasonBradbury Oh dear, what a rotten life you lead, NOT!",disapproval
1753756896,neutral,CourtneySit,@courtpet hmmm no but I am member of knitterati.com.au what is ravelry offer?,disapproval
1753774397,worry,Truthbomb,I guess she's not the type of songwriter who dreams the great ones.,disapproval
1753790238,fun,prenvo,@edsaint lol @ half - I already have a bulky desktop- I'm geared up for super slim and light: SSD performance is unreal,disapproval
1753852149,hate,xombiekitty,"@Rove1974 LOL @ the cards. So very, very wrong",disapproval
1753902793,happiness,DragonflyeDream,@Juniesgurl WOOHOO!!!  My broom isnt up to standards....there is no seatbelt on mine....*whispers*  I like the Swiffer...,disapproval
